{
  "characterFrequency": {
    "a": 81620.16666666667,
    "b": 15343.333333333334,
    "c": 23010.666666666668,
    "d": 42071.833333333336,
    "e": 114630.66666666667,
    "f": 18162.666666666668,
    "g": 35374.166666666664,
    "h": 67620,
    "i": 96125.16666666667,
    "j": 8765,
    "k": 7740.166666666667,
    "l": 30530.833333333332,
    "m": 21437.833333333332,
    "n": 89027.83333333333,
    "o": 63245.333333333336,
    "p": 10305.166666666666,
    "q": 4009.1666666666665,
    "r": 42696.666666666664,
    "s": 53174,
    "t": 62001.166666666664,
    "u": 46469.166666666664,
    "v": 6159.333333333333,
    "w": 20327.833333333332,
    "x": 6658.833333333333,
    "y": 20531,
    "z": 12962.333333333334
  },
  "combinationFrequency": {
    "aa": 35,
    "ab": 1268,
    "ac": 1639.8333333333333,
    "ad": 1758.6666666666667,
    "ae": 22.166666666666668,
    "af": 356,
    "ag": 923,
    "ah": 264.5,
    "ai": 4854.833333333333,
    "aj": 16.333333333333332,
    "ak": 482.8333333333333,
    "al": 3175.6666666666665,
    "am": 1080,
    "an": 20738.5,
    "ao": 4042.3333333333335,
    "ap": 501,
    "ar": 3851.6666666666665,
    "as": 5078.666666666667,
    "at": 4662.666666666667,
    "au": 1322.6666666666667,
    "av": 930,
    "aw": 293.5,
    "ax": 29.333333333333332,
    "ay": 1030.8333333333333,
    "az": 43.833333333333336,
    "a ": 5625.333333333333,
    "ba": 1362.3333333333333,
    "bb": 22.5,
    "bc": 2.8333333333333335,
    "bd": 3,
    "be": 3990.5,
    "bf": 0.3333333333333333,
    "bg": 8.666666666666666,
    "bh": 3.8333333333333335,
    "bi": 1462.6666666666667,
    "bj": 59.833333333333336,
    "bk": 0.5,
    "bl": 727.8333333333334,
    "bm": 7.666666666666667,
    "bn": 3.1666666666666665,
    "bo": 743.3333333333334,
    "br": 524.3333333333334,
    "bs": 155,
    "bt": 170.5,
    "bu": 1981.3333333333333,
    "bv": 5.5,
    "bw": 4.5,
    "by": 639.8333333333334,
    "bz": 1,
    "b ": 234.16666666666666,
    "ca": 1483.3333333333333,
    "cc": 225.33333333333334,
    "cd": 0.6666666666666666,
    "ce": 1978,
    "cf": 4,
    "ch": 8951.166666666666,
    "ci": 748.8333333333334,
    "ck": 610.5,
    "cl": 353,
    "cm": 0.3333333333333333,
    "cn": 0.5,
    "co": 2079.1666666666665,
    "cq": 20,
    "cr": 327.8333333333333,
    "cs": 9.833333333333334,
    "ct": 843.3333333333334,
    "cu": 457.8333333333333,
    "cy": 58,
    "c ": 205.33333333333334,
    "da": 4085.6666666666665,
    "db": 0.6666666666666666,
    "dc": 17.5,
    "dd": 156.5,
    "de": 8024,
    "df": 17.166666666666668,
    "dg": 78.5,
    "dh": 6.333333333333333,
    "di": 3559.5,
    "dj": 6.5,
    "dk": 3.1666666666666665,
    "dl": 131,
    "dm": 39.833333333333336,
    "dn": 89,
    "do": 1472.8333333333333,
    "dp": 1.3333333333333333,
    "dq": 1.5,
    "dr": 425.6666666666667,
    "ds": 413,
    "dt": 16.5,
    "du": 1947.6666666666667,
    "dv": 56.333333333333336,
    "dw": 42.5,
    "dy": 196,
    "d ": 12523.166666666666,
    "ea": 2583,
    "eb": 280,
    "ec": 1148.1666666666667,
    "ed": 4049,
    "ee": 1593.1666666666667,
    "ef": 698.8333333333334,
    "eg": 486.1666666666667,
    "eh": 741,
    "ei": 5684.833333333333,
    "ej": 14.833333333333334,
    "ek": 123.16666666666667,
    "el": 2119.8333333333335,
    "em": 1487.6666666666667,
    "en": 14023.833333333334,
    "eo": 156,
    "ep": 493.8333333333333,
    "eq": 103.16666666666667,
    "er": 10721.5,
    "es": 4419.833333333333,
    "et": 1695.6666666666667,
    "eu": 301.6666666666667,
    "ev": 790.1666666666666,
    "ew": 412.3333333333333,
    "ex": 496.5,
    "ey": 673.1666666666666,
    "ez": 28.166666666666668,
    "e ": 35809.333333333336,
    "fa": 1873.3333333333333,
    "fb": 2.8333333333333335,
    "fc": 0.5,
    "fe": 1607.8333333333333,
    "ff": 490.1666666666667,
    "fg": 15.166666666666666,
    "fh": 7.666666666666667,
    "fi": 792,
    "fl": 231.16666666666666,
    "fm": 2.6666666666666665,
    "fn": 18.833333333333332,
    "fo": 1832.3333333333333,
    "fp": 2,
    "fr": 971.8333333333334,
    "fs": 23.166666666666668,
    "ft": 427.8333333333333,
    "fu": 1055,
    "fw": 1.1666666666666667,
    "fy": 16.5,
    "fz": 4.5,
    "f ": 5133.666666666667,
    "ga": 1219.6666666666667,
    "gb": 0.16666666666666666,
    "gd": 8,
    "ge": 3641.1666666666665,
    "gf": 1.8333333333333333,
    "gg": 58.5,
    "gh": 1124.1666666666667,
    "gi": 501.5,
    "gk": 9,
    "gl": 330.3333333333333,
    "gm": 12,
    "gn": 134.16666666666666,
    "go": 1175.1666666666667,
    "gp": 0.16666666666666666,
    "gr": 648,
    "gs": 242.16666666666666,
    "gt": 207.16666666666666,
    "gu": 1993.6666666666667,
    "gw": 1.6666666666666667,
    "gy": 23.5,
    "gz": 3.3333333333333335,
    "g ": 15935.666666666666,
    "ha": 8194,
    "hb": 14.666666666666666,
    "hc": 0.5,
    "hd": 12.666666666666666,
    "he": 18048.166666666668,
    "hf": 12.333333333333334,
    "hg": 4.166666666666667,
    "hh": 4.5,
    "hi": 8730.666666666666,
    "hk": 6.333333333333333,
    "hl": 233.33333333333334,
    "hm": 153.66666666666666,
    "hn": 317.1666666666667,
    "ho": 4170.333333333333,
    "hq": 0.5,
    "hr": 824.5,
    "hs": 121.16666666666667,
    "ht": 1987.6666666666667,
    "hu": 4438.166666666667,
    "hw": 68.83333333333333,
    "hy": 123.66666666666667,
    "hz": 4,
    "h ": 5785.833333333333,
    "ia": 6577,
    "ib": 300.3333333333333,
    "ic": 4377.833333333333,
    "id": 1207,
    "ie": 4627.5,
    "if": 642.1666666666666,
    "ig": 1117.5,
    "ih": 395.3333333333333,
    "ii": 6.5,
    "ik": 239.16666666666666,
    "il": 1654,
    "im": 1463,
    "in": 14715.666666666666,
    "io": 1480.3333333333333,
    "ip": 162,
    "iq": 8.5,
    "ir": 2087.1666666666665,
    "is": 4913.666666666667,
    "it": 4357.666666666667,
    "iu": 883.5,
    "iv": 674.6666666666666,
    "iw": 0.8333333333333334,
    "ix": 51,
    "iy": 0.5,
    "iz": 88.66666666666667,
    "i ": 22982.166666666668,
    "ja": 331,
    "jd": 0.5,
    "je": 310.1666666666667,
    "jf": 0.16666666666666666,
    "ji": 4936.333333333333,
    "jj": 0.16666666666666666,
    "jo": 159.33333333333334,
    "jr": 1.1666666666666667,
    "ju": 898.6666666666666,
    "j ": 2.5,
    "ka": 808.1666666666666,
    "kb": 2,
    "kc": 0.5,
    "ke": 1907,
    "kf": 8,
    "kg": 5.833333333333333,
    "kh": 3,
    "ki": 413.3333333333333,
    "kk": 4,
    "kl": 188.5,
    "km": 5.333333333333333,
    "kn": 323.8333333333333,
    "ko": 571.5,
    "kp": 0.5,
    "kq": 15,
    "kr": 52.333333333333336,
    "ks": 172.5,
    "kt": 96.16666666666667,
    "ku": 372,
    "kw": 7.333333333333333,
    "ky": 23,
    "kz": 3.6666666666666665,
    "k ": 1153.8333333333333,
    "la": 2556.1666666666665,
    "lb": 57.166666666666664,
    "lc": 73.5,
    "ld": 1304.6666666666667,
    "le": 4400.833333333333,
    "lf": 335.1666666666667,
    "lg": 29.333333333333332,
    "lh": 46.5,
    "li": 4091.6666666666665,
    "lj": 0.3333333333333333,
    "lk": 113.33333333333333,
    "ll": 2979,
    "lm": 84.83333333333333,
    "ln": 29.666666666666668,
    "lo": 1451.5,
    "lp": 49.333333333333336,
    "lr": 39.5,
    "ls": 521.1666666666666,
    "lt": 563.5,
    "lu": 748.6666666666666,
    "lv": 243.16666666666666,
    "lw": 63.5,
    "ly": 1328,
    "lz": 6.5,
    "l ": 3206.8333333333335,
    "ma": 2731.6666666666665,
    "mb": 205.5,
    "mc": 1.3333333333333333,
    "md": 4.833333333333333,
    "me": 4686.166666666667,
    "mf": 16.5,
    "mg": 6.166666666666667,
    "mh": 1.8333333333333333,
    "mi": 2394.6666666666665,
    "mk": 2.6666666666666665,
    "ml": 26.333333333333332,
    "mm": 568.8333333333334,
    "mn": 33.166666666666664,
    "mo": 1349.1666666666667,
    "mp": 489.5,
    "mr": 209.66666666666666,
    "ms": 322.8333333333333,
    "mt": 100.66666666666667,
    "mu": 733.5,
    "mw": 0.3333333333333333,
    "my": 496.5,
    "mz": 1.5,
    "m ": 2728.8333333333335,
    "na": 1462.8333333333333,